{
    "cluster_sync": {
        "memory.limit_in_bytes": {
            "mean": 367001600,
            "max": 367001600,
            "min": 367001600,
            "median": 367001600.0
        },
        "memory.usage_in_bytes": {
            "mean": 121183670.85714285,
            "max": 121196544,
            "min": 121180160,
            "median": 121184256.0
        },
        "memory.max_usage_in_bytes": {
            "mean": 134545408,
            "max": 134545408,
            "min": 134545408,
            "median": 134545408.0
        }
    },
    "cluster_health": {
        "memory.limit_in_bytes": {
            "mean": 838860800,
            "max": 838860800,
            "min": 838860800,
            "median": 838860800.0
        },
        "memory.usage_in_bytes": {
            "mean": 818121874.2857143,
            "max": 824328192,
            "min": 803323904,
            "median": 819845120.0
        },
        "memory.max_usage_in_bytes": {
            "mean": 838860800,
            "max": 838860800,
            "min": 838860800,
            "median": 838860800.0
        }
    },
    "prism": {
        "memory.limit_in_bytes": {
            "mean": 1715470336,
            "max": 1715470336,
            "min": 1715470336,
            "median": 1715470336.0
        },
        "memory.usage_in_bytes": {
            "mean": 1656591506.2857144,
            "max": 1679945728,
            "min": 1654484992,
            "median": 1654546432.0
        },
        "memory.max_usage_in_bytes": {
            "mean": 1715470336,
            "max": 1715470336,
            "min": 1715470336,
            "median": 1715470336.0
        }
    },
    "sys_stat_collector": {
        "memory.limit_in_bytes": {
            "mean": 536870912,
            "max": 536870912,
            "min": 536870912,
            "median": 536870912.0
        },
        "memory.usage_in_bytes": {
            "mean": 464107227.4285714,
            "max": 480653312,
            "min": 436285440,
            "median": 473032704.0
        },
        "memory.max_usage_in_bytes": {
            "mean": 536870912,
            "max": 536870912,
            "min": 536870912,
            "median": 536870912.0
        }
    },
    "global_memory": {
        "memory.limit_in_bytes": {
            "mean": 9223372036854771712,
            "max": 9223372036854771712,
            "min": 9223372036854771712,
            "median": 9.223372036854772e+18
        },
        "memory.usage_in_bytes": {
            "mean": 27035805988.57143,
            "max": 27066609664,
            "min": 27009101824,
            "median": 27037935616.0
        },
        "memory.max_usage_in_bytes": {
            "mean": 24603095040,
            "max": 24603095040,
            "min": 24603095040,
            "median": 24603095040.0
        }
    }
}